{
  "Edit Distance": {
    "accuracy": 0.6306161745827985,
    "f1": 0.6305852709859706,
    "precision": 0.6306598962911052,
    "recall": 0.6306161745827985,
    "time": 0.16767525672912598
  },
  "TF-IDF": {
    "accuracy": 0.6520378690629012,
    "f1": 0.64316890444919,
    "precision": 0.6688220172578815,
    "recall": 0.6520378690629012,
    "time": 6.761415481567383
  },
  "BM25": {
    "accuracy": 0.5149229781771502,
    "f1": 0.36797292547497384,
    "precision": 0.7132578584138787,
    "recall": 0.5149229781771502,
    "time": 144.6204891204834
  },
  "Word Vector": {
    "accuracy": 0.4803433889602054,
    "f1": 0.4657059910264465,
    "precision": 0.47792426114793435,
    "recall": 0.4803433889602054,
    "time": 0.6037206649780273
  },
  "GPU Neural Network": {
    "accuracy": 0.7947689345314506,
    "f1": 0.7906705913002554,
    "precision": 0.8198148366668633,
    "recall": 0.7947689345314506,
    "time": 6296.107276916504
  }
}